<!DOCTYPE hibernate-configuration PUBLIC "-//Hibernate/Hibernate Configuration DTD 3.0//EN"
        "http://www.hibernate.org/dtd/hibernate-configuration-3.0.dtd">
<hibernate-configuration>
    <session-factory>
        <!-- JDBC Database connection settings -->
        <property name="connection.driver_class">com.ibm.db2.jcc.DB2Driver</property>
		<property name="connection.url">jdbc:db2://diva.deis.unibo.it:50000/tw_stud</property>
        <property name="hibernate.connection.username">*****</property>
        <property name="hibernate.connection.password">*****</property>

        <!-- JDBC connection pool settings -->
        <property name="hibernate.c3p0.min_size">5</property>
        <property name="hibernate.c3p0.max_size">20</property>
        <property name="hibernate.c3p0.timeout">300</property>
        <property name="hibernate.c3p0.max_statements">50</property>
        <property name="hibernate.c3p0.idle_test_period">3000</property>

        <!-- SQL dialect -->
        <property name="hibernate.dialect">org.hibernate.dialect.DB2Dialect</property>

        <!-- Echo all executed SQL to stdout -->
        <property name="hibernate.show_sql">true</property>

        <!-- Drop and re-create the database schema on startup -->
        <property name="hibernate.hbm2ddl.auto">update</property>

        <!-- Mapping files -->
        <mapping resource="it/unibo/teamnetscore/hibernate/Utente.hbm.xml"/>
        <mapping resource="it/unibo/teamnetscore/hibernate/Squadra.hbm.xml"/>
        <mapping resource="it/unibo/teamnetscore/hibernate/EventoGenerale.hbm.xml"/>
        <mapping resource="it/unibo/teamnetscore/hibernate/EventoComunicazioneGenerale.hbm.xml"/>
        <mapping resource="it/unibo/teamnetscore/hibernate/Evento.hbm.xml"/>
        <mapping resource="it/unibo/teamnetscore/hibernate/Presenza.hbm.xml"/>
    </session-factory>
</hibernate-configuration>
