<!DOCTYPE hibernate-mapping PUBLIC 
"-//Hibernate/Hibernate Mapping DTD//EN"
"http://www.hibernate.org/dtd/hibernate-mapping-3.0.dtd">
<hibernate-mapping>
    <class name="it.unibo.teamnetscore.model.EventoGenerale" table="EventoGenerale" abstract="true">
        <id name="id" column="id">
            <generator class="increment"/>
        </id>
        <property name="dataInserimento" column="dataInserimento"/>
        <property name="descrizione" column="descrizione"/>
        <many-to-one name="squadra" class="it.unibo.teamnetscore.model.Squadra" column="squadra_id" not-null="true"/>
    </class>
</hibernate-mapping>