<!DOCTYPE hibernate-mapping PUBLIC 
"-//Hibernate/Hibernate Mapping DTD//EN"
"http://www.hibernate.org/dtd/hibernate-mapping-3.0.dtd">
<hibernate-mapping>
    <joined-subclass name="it.unibo.teamnetscore.model.Evento" table="Evento">
        <key column="id"/>
        <property name="data" column="data"/>
        <property name="ora" column="ora"/>
        <property name="luogo" column="luogo"/>
        <property name="tipoEvento" column="tipoEvento"/>
        
        <!-- SET CON PRESENZA -->
        <set name="presenze" inverse="true" cascade="all">
            <key column="evento_id"/>
            <one-to-many class="com.example.Presenza"/>
        </set>
        
    </joined-subclass>
</hibernate-mapping>