<?xml version = "1.0" encoding = "utf-8"?>
<!DOCTYPE hibernate-mapping PUBLIC 
"-//Hibernate/Hibernate Mapping DTD//EN"
"http://www.hibernate.org/dtd/hibernate-mapping-3.0.dtd">
<hibernate-mapping>
    <class name="com.example.Presenza" table="Presenza">
        <id name="id" column="id">
            <generator class="increment"/>
        </id>
        <property name="presente" column="presente"/>
        <many-to-one name="evento" class="com.example.Evento" column="evento_id" not-null="true"/>
        <many-to-one name="calciatore" class="com.example.Calciatore" column="calciatore_id" not-null="true"/>
    </class>
</hibernate-mapping>